ts1;f0_l1;f0_l2;f0_l3;f1;f2;f3;f4_l1;f4_l2;f4_l3;f5_l1;f5_l2;m1;m2;m3
15.12.2018;2018;12;15;Wilbur;yes;metropolis;Germany;BadWurt;Freiburg;stationary;pen;354;23,95;2,82
14.12.2018;2018;12;14;Wilbur;no;smartpoint;Germany;Berlin;Berlin;household;wipes;971;57,05;7,6
22.10.2018;2018;10;22;Greg;yes;thebarn;Germany;Bremen;Bremen;stationary;water colours;142;21,01;3,75
12.11.2018;2018;11;12;Beth;no;care4you;Germany;Saxony;Dresden;stationary;marker;602;19,26;9,43
24.11.2018;2018;11;24;Harry;no;metropolis;Germany;Bavaria;Nuremberg;household;towls;566;92,51;1,93
05.11.2018;2018;11;5;Harry;yes;thebarn;Germany;Bavaria;Munich;stationary;pencil;872;87,97;6,55
22.12.2018;2018;12;22;Susan;no;dealhouse;Germany;Hessia;Frankfurt;appliances;mixer;34;99,6;1,44
11.11.2018;2018;11;11;Beth;yes;care4you;Germany;Bavaria;Munich;appliances;vaccum cleaner;881;58,14;7,64
22.11.2018;2018;11;22;Harry;yes;care4you;Germany;Hamburg;Hamburg;appliances;mixer;372;15,88;7,62
17.12.2018;2018;12;17;Beth;yes;smartpoint;Germany;Hamburg;Hamburg;household;towls;270;28,25;0,94
16.10.2018;2018;10;16;Wilbur;yes;care4you;Germany;Bavaria;Nuremberg;household;towls;862;79;0,91
07.12.2018;2018;12;7;Wilbur;no;smartpoint;Germany;Bremen;Bremen;household;waste bags;484;89,48;4,79
29.10.2018;2018;10;29;Susan;yes;smartpoint;Germany;Berlin;Berlin;stationary;water colours;404;60,02;2,19
21.11.2018;2018;11;21;Greg;yes;dealhouse;Germany;BadWurt;Karlsruhe;appliances;micro wave oven;896;60,01;10
15.10.2018;2018;10;15;Lewis;no;dealhouse;Germany;BadWurt;Stuttgart;appliances;vaccum cleaner;585;14,16;9,52
17.11.2018;2018;11;17;Beth;yes;thebarn;Germany;Bremen;Bremen;stationary;ball-pen;552;74,24;0,88
06.10.2018;2018;10;6;Susan;yes;smartpoint;Germany;NRW;Cologne;stationary;marker;742;44,74;5,51
25.11.2018;2018;11;25;Lewis;yes;dealhouse;Germany;Hamburg;Hamburg;stationary;water colours;493;38,12;8,74
28.11.2018;2018;11;28;Greg;no;dealhouse;Germany;Saxony;Leipzig;household;gloves;194;13,43;0,4
09.12.2018;2018;12;9;Harry;no;dealhouse;Germany;BadWurt;Stuttgart;household;wipes;749;18,52;1,83
15.12.2018;2018;12;15;Harry;yes;smartpoint;Germany;Bavaria;Munich;appliances;vaccum cleaner;935;81,07;2,01
20.10.2018;2018;10;20;Greg;yes;smartpoint;Germany;Bavaria;Augsburg;household;waste bags;360;51,18;1,94
14.12.2018;2018;12;14;Susan;no;metropolis;Germany;NRW;Düsseldorf;appliances;micro wave oven;757;32,99;7,35
23.10.2018;2018;10;23;Greg;no;smartpoint;Germany;NRW;Dortmund;appliances;micro wave oven;803;37,74;9,17
30.12.2018;2018;12;30;Darma;yes;metropolis;Germany;BadWurt;Karlsruhe;stationary;pencil;139;17,49;0,86
09.10.2018;2018;10;9;Beth;no;smartpoint;Germany;BadWurt;Freiburg;stationary;marker;555;51,29;3,05
31.12.2018;2018;12;31;Ina;yes;smartpoint;Germany;NRW;Aachen;stationary;water colours;341;95,11;0,02
04.12.2018;2018;12;4;Harry;yes;thebarn;Germany;NRW;Cologne;stationary;water colours;324;32,39;7,06
24.10.2018;2018;10;24;Susan;yes;care4you;Germany;Bremen;Bremen;appliances;micro wave oven;220;94,9;7,49
25.11.2018;2018;11;25;Ina;no;dealhouse;Germany;NRW;Dortmund;stationary;marker;101;3,31;0,26
25.11.2018;2018;11;25;Lewis;no;smartpoint;Germany;BadWurt;Karlsruhe;household;waste bags;729;40,4;8,79
14.10.2018;2018;10;14;Harry;no;care4you;Germany;NRW;Aachen;stationary;water colours;910;40,23;0,84
01.11.2018;2018;11;1;Susan;yes;metropolis;Germany;Hessia;Frankfurt;appliances;micro wave oven;746;41,5;7,91
09.12.2018;2018;12;9;Wilbur;yes;dealhouse;Germany;NRW;Cologne;stationary;pencil;843;93,03;6,34
11.12.2018;2018;12;11;Susan;yes;metropolis;Germany;BadWurt;Stuttgart;stationary;ball-pen;130;96,83;2,62
18.12.2018;2018;12;18;Wilbur;no;smartpoint;Germany;Bremen;Bremen;appliances;mixer;229;46,6;0,21
16.11.2018;2018;11;16;Ina;no;dealhouse;Germany;BadWurt;Stuttgart;appliances;mixer;573;69,43;5,75
19.11.2018;2018;11;19;Ina;no;metropolis;Germany;Bavaria;Augsburg;stationary;water colours;443;42,83;6,47
15.10.2018;2018;10;15;Lewis;yes;smartpoint;Germany;Bavaria;Munich;stationary;marker;643;30,16;8,32
24.10.2018;2018;10;24;Ina;no;care4you;Germany;Bavaria;Augsburg;appliances;mixer;265;24,25;1,21
18.10.2018;2018;10;18;Darma;no;thebarn;Germany;Saxony;Dresden;household;gloves;367;61,13;0,15
13.10.2018;2018;10;13;Greg;no;metropolis;Germany;NRW;Dortmund;appliances;micro wave oven;319;60,22;1,11
03.12.2018;2018;12;3;Darma;no;dealhouse;Germany;Hessia;Frankfurt;stationary;ball-pen;30;55,13;4,67
08.10.2018;2018;10;8;Darma;no;thebarn;Germany;Berlin;Berlin;appliances;vaccum cleaner;630;19,12;2,93
23.12.2018;2018;12;23;Wilbur;no;metropolis;Germany;NRW;Essen;stationary;pen;737;89,45;3,57
06.12.2018;2018;12;6;Harry;no;metropolis;Germany;Bavaria;Munich;appliances;mixer;889;58,07;4,51
29.10.2018;2018;10;29;Beth;yes;care4you;Germany;Bavaria;Munich;appliances;micro wave oven;405;30,77;7,36
11.11.2018;2018;11;11;Susan;no;care4you;Germany;NRW;Essen;stationary;pencil;691;31,85;6,4
26.10.2018;2018;10;26;Susan;no;thebarn;Germany;Berlin;Berlin;stationary;pen;682;14,16;6,33
17.11.2018;2018;11;17;Ina;no;care4you;Germany;NRW;Aachen;household;wipes;147;69,77;5,04
09.12.2018;2018;12;9;Lewis;no;metropolis;Germany;Saxony;Halle;stationary;marker;953;70,66;2,41
10.11.2018;2018;11;10;Ina;no;care4you;Germany;Hessia;Frankfurt;appliances;micro wave oven;37;32,37;9,59
31.10.2018;2018;10;31;Beth;yes;care4you;Germany;Hessia;Frankfurt;household;wipes;493;42,42;3,86
10.11.2018;2018;11;10;Lewis;yes;dealhouse;Germany;BadWurt;Stuttgart;stationary;water colours;162;74,97;5,83
04.11.2018;2018;11;4;Beth;yes;dealhouse;Germany;NRW;Dortmund;stationary;ball-pen;80;59,86;3,17
17.12.2018;2018;12;17;Harry;no;dealhouse;Germany;Berlin;Berlin;stationary;ball-pen;262;15,57;6,26
17.10.2018;2018;10;17;Ina;yes;smartpoint;Germany;NRW;Essen;household;waste bags;251;79,76;2,94
23.12.2018;2018;12;23;Darma;no;smartpoint;Germany;Berlin;Berlin;household;gloves;114;17,71;3,3
17.11.2018;2018;11;17;Ina;yes;dealhouse;Germany;NRW;Cologne;stationary;water colours;772;47,43;7,86
16.11.2018;2018;11;16;Darma;no;thebarn;Germany;NRW;Düsseldorf;appliances;micro wave oven;756;54,6;1,16
07.11.2018;2018;11;7;Lewis;no;metropolis;Germany;Bremen;Bremen;household;wipes;612;19,66;4,31
26.10.2018;2018;10;26;Harry;no;care4you;Germany;Bremen;Bremen;stationary;water colours;347;84,48;3,08
11.10.2018;2018;10;11;Beth;no;dealhouse;Germany;Saxony;Leipzig;appliances;vaccum cleaner;965;30,43;8,21
25.12.2018;2018;12;25;Darma;no;thebarn;Germany;NRW;Düsseldorf;appliances;vaccum cleaner;993;33,75;8,88
15.10.2018;2018;10;15;Darma;no;dealhouse;Germany;NRW;Aachen;household;waste bags;759;6,48;3,16
27.11.2018;2018;11;27;Harry;yes;thebarn;Germany;Bavaria;Munich;stationary;ball-pen;574;44,15;8,21
28.12.2018;2018;12;28;Darma;no;smartpoint;Germany;Bavaria;Munich;stationary;ball-pen;595;97,35;0,18
10.12.2018;2018;12;10;Greg;no;care4you;Germany;BadWurt;Freiburg;stationary;pen;818;74,18;6,39
30.11.2018;2018;11;30;Beth;yes;dealhouse;Germany;Saxony;Leipzig;stationary;pencil;2;86,81;7,12
18.10.2018;2018;10;18;Harry;yes;dealhouse;Germany;NRW;Essen;stationary;water colours;914;49,09;5,78
07.12.2018;2018;12;7;Greg;yes;thebarn;Germany;Bremen;Bremen;stationary;water colours;672;96,73;1,71
03.11.2018;2018;11;3;Wilbur;no;care4you;Germany;BadWurt;Stuttgart;stationary;pencil;367;12,62;3,49
23.11.2018;2018;11;23;Beth;no;care4you;Germany;NRW;Düsseldorf;household;wipes;904;28,98;4,83
21.12.2018;2018;12;21;Greg;no;care4you;Germany;Saxony;Dresden;appliances;micro wave oven;441;42,11;3,87
12.11.2018;2018;11;12;Greg;yes;care4you;Germany;Saxony;Leipzig;household;waste bags;672;69,8;5,61
05.12.2018;2018;12;5;Beth;no;metropolis;Germany;Hessia;Frankfurt;stationary;pencil;165;50,18;1,05
21.10.2018;2018;10;21;Darma;yes;dealhouse;Germany;NRW;Aachen;household;waste bags;1;88,35;2,53
02.10.2018;2018;10;2;Greg;yes;dealhouse;Germany;BadWurt;Stuttgart;household;waste bags;57;36,33;9,85
20.11.2018;2018;11;20;Lewis;yes;smartpoint;Germany;BadWurt;Stuttgart;household;towls;869;97,04;0,99
17.12.2018;2018;12;17;Darma;yes;care4you;Germany;Saxony;Dresden;household;gloves;385;95,55;5,51
23.11.2018;2018;11;23;Greg;no;dealhouse;Germany;NRW;Aachen;household;waste bags;136;66,16;4,34
26.10.2018;2018;10;26;Lewis;no;dealhouse;Germany;Saxony;Dresden;household;gloves;878;0,76;9,09
17.10.2018;2018;10;17;Darma;no;care4you;Germany;Saxony;Dresden;appliances;mixer;30;86,31;5,6
13.10.2018;2018;10;13;Greg;yes;thebarn;Germany;Bavaria;Augsburg;stationary;marker;779;59,82;0,1
20.10.2018;2018;10;20;Susan;no;smartpoint;Germany;Saxony;Halle;stationary;ball-pen;199;10,22;8,96
28.11.2018;2018;11;28;Harry;yes;thebarn;Germany;Saxony;Leipzig;stationary;marker;4;36,08;7,88
23.12.2018;2018;12;23;Susan;no;care4you;Germany;Saxony;Halle;stationary;ball-pen;287;75,54;9,58
30.10.2018;2018;10;30;Lewis;yes;dealhouse;Germany;BadWurt;Freiburg;household;waste bags;818;76,4;3,75
26.11.2018;2018;11;26;Darma;yes;smartpoint;Germany;Berlin;Berlin;stationary;pen;269;67,13;3,07
17.10.2018;2018;10;17;Greg;no;metropolis;Germany;BadWurt;Stuttgart;household;waste bags;474;87,28;4,12
23.12.2018;2018;12;23;Beth;yes;care4you;Germany;Bavaria;Augsburg;appliances;mixer;866;0,19;9,51
24.11.2018;2018;11;24;Greg;no;care4you;Germany;NRW;Düsseldorf;household;wipes;379;85,21;3,06
30.10.2018;2018;10;30;Greg;yes;care4you;Germany;Bavaria;Augsburg;stationary;marker;346;79,16;3,76
23.11.2018;2018;11;23;Ina;yes;care4you;Germany;Saxony;Leipzig;stationary;water colours;655;89,21;4,28
19.11.2018;2018;11;19;Wilbur;no;thebarn;Germany;NRW;Aachen;appliances;mixer;884;21,26;7,21
27.11.2018;2018;11;27;Wilbur;no;care4you;Germany;BadWurt;Karlsruhe;stationary;marker;423;43,4;8,78
15.10.2018;2018;10;15;Greg;no;dealhouse;Germany;Bremen;Bremen;stationary;pencil;662;41,84;8,52
09.11.2018;2018;11;9;Darma;no;metropolis;Germany;Saxony;Leipzig;household;gloves;994;94,18;2,34
07.11.2018;2018;11;7;Ina;yes;metropolis;Germany;NRW;Düsseldorf;stationary;water colours;481;81,54;0,15
22.12.2018;2018;12;22;Susan;no;care4you;Germany;Saxony;Dresden;stationary;pen;852;10,38;4,73
01.12.2018;2018;12;1;Greg;yes;metropolis;Germany;Hamburg;Hamburg;household;gloves;590;20,49;8,2
05.10.2018;2018;10;5;Beth;yes;care4you;Germany;BadWurt;Freiburg;household;towls;589;67,96;3,16
18.10.2018;2018;10;18;Darma;yes;thebarn;Germany;Hamburg;Hamburg;household;gloves;397;61,96;9,63
14.10.2018;2018;10;14;Darma;yes;care4you;Germany;Saxony;Halle;appliances;vaccum cleaner;227;82,11;8,11
24.10.2018;2018;10;24;Wilbur;no;smartpoint;Germany;Bavaria;Augsburg;household;wipes;634;26,99;9,83
15.11.2018;2018;11;15;Beth;no;metropolis;Germany;BadWurt;Freiburg;household;wipes;675;75,13;8,5
23.12.2018;2018;12;23;Susan;yes;dealhouse;Germany;BadWurt;Stuttgart;appliances;micro wave oven;183;73,09;5,92
12.12.2018;2018;12;12;Beth;yes;thebarn;Germany;Saxony;Leipzig;appliances;micro wave oven;421;88,04;4,72
02.12.2018;2018;12;2;Harry;no;smartpoint;Germany;NRW;Essen;stationary;marker;907;75,31;5,83
15.12.2018;2018;12;15;Harry;yes;smartpoint;Germany;Bremen;Bremen;stationary;water colours;554;48,11;0,88
27.11.2018;2018;11;27;Susan;yes;thebarn;Germany;BadWurt;Karlsruhe;appliances;mixer;63;92,88;2,9
07.11.2018;2018;11;7;Ina;no;metropolis;Germany;NRW;Aachen;stationary;water colours;968;3,18;7,66
20.10.2018;2018;10;20;Beth;no;smartpoint;Germany;BadWurt;Karlsruhe;appliances;mixer;345;73,71;3,67
20.11.2018;2018;11;20;Greg;no;care4you;Germany;NRW;Essen;stationary;marker;805;19,74;8,25
24.12.2018;2018;12;24;Darma;no;thebarn;Germany;NRW;Dortmund;stationary;pencil;406;79,87;9,93
05.12.2018;2018;12;5;Wilbur;yes;smartpoint;Germany;Hessia;Frankfurt;stationary;marker;565;72,17;0,64
23.12.2018;2018;12;23;Greg;no;smartpoint;Germany;NRW;Cologne;stationary;pen;520;40,45;2,42
06.10.2018;2018;10;6;Darma;yes;dealhouse;Germany;Bavaria;Augsburg;household;waste bags;838;75,65;9,99
30.11.2018;2018;11;30;Wilbur;yes;care4you;Germany;Bavaria;Munich;appliances;mixer;214;52,8;2,35
01.10.2018;2018;10;1;Darma;yes;care4you;Germany;NRW;Düsseldorf;appliances;mixer;98;56,02;0,51
07.11.2018;2018;11;7;Beth;no;dealhouse;Germany;Bavaria;Munich;stationary;marker;975;93,78;2,99
23.10.2018;2018;10;23;Darma;no;care4you;Germany;BadWurt;Stuttgart;stationary;marker;103;52,18;9,98
08.12.2018;2018;12;8;Beth;yes;smartpoint;Germany;BadWurt;Karlsruhe;appliances;mixer;350;37,04;5,12
13.11.2018;2018;11;13;Lewis;yes;dealhouse;Germany;Hessia;Frankfurt;appliances;micro wave oven;478;67,34;7,01
27.12.2018;2018;12;27;Darma;yes;dealhouse;Germany;Bremen;Bremen;stationary;pen;84;41,77;2,47
23.11.2018;2018;11;23;Harry;yes;metropolis;Germany;NRW;Essen;household;gloves;983;52,27;5,98
09.11.2018;2018;11;9;Wilbur;no;dealhouse;Germany;NRW;Aachen;household;gloves;15;0,2;7,25
04.10.2018;2018;10;4;Greg;no;metropolis;Germany;Bavaria;Augsburg;household;waste bags;314;48,33;8,6
27.10.2018;2018;10;27;Ina;no;metropolis;Germany;Bremen;Bremen;stationary;ball-pen;2;95,77;9,34
23.10.2018;2018;10;23;Susan;no;dealhouse;Germany;BadWurt;Karlsruhe;stationary;marker;80;45,62;8,09
06.12.2018;2018;12;6;Wilbur;yes;thebarn;Germany;BadWurt;Stuttgart;household;gloves;433;54,27;0,91
25.11.2018;2018;11;25;Greg;yes;metropolis;Germany;BadWurt;Karlsruhe;appliances;mixer;492;78,18;8,62
11.12.2018;2018;12;11;Harry;no;dealhouse;Germany;Bavaria;Munich;stationary;pen;792;67,43;3,36
14.10.2018;2018;10;14;Ina;yes;care4you;Germany;Saxony;Dresden;stationary;marker;66;13,55;7,46
12.11.2018;2018;11;12;Wilbur;yes;thebarn;Germany;Bavaria;Augsburg;household;towls;671;29,7;5,15
23.12.2018;2018;12;23;Greg;yes;metropolis;Germany;NRW;Aachen;appliances;vaccum cleaner;831;18,34;2,24
10.11.2018;2018;11;10;Harry;yes;dealhouse;Germany;Bavaria;Nuremberg;stationary;ball-pen;959;86,77;9,48
21.11.2018;2018;11;21;Wilbur;no;care4you;Germany;BadWurt;Stuttgart;stationary;pen;6;62,81;2,87
14.12.2018;2018;12;14;Susan;yes;dealhouse;Germany;NRW;Cologne;household;wipes;315;48,98;4,77
25.10.2018;2018;10;25;Beth;yes;metropolis;Germany;BadWurt;Stuttgart;household;waste bags;521;57,92;9,92
27.10.2018;2018;10;27;Lewis;no;dealhouse;Germany;NRW;Aachen;appliances;vaccum cleaner;67;74;2,55
17.11.2018;2018;11;17;Wilbur;no;dealhouse;Germany;Hessia;Frankfurt;stationary;pen;364;99,22;5,24
14.11.2018;2018;11;14;Darma;no;care4you;Germany;Saxony;Halle;stationary;ball-pen;467;57,76;2,59
12.11.2018;2018;11;12;Lewis;no;care4you;Germany;Bavaria;Nuremberg;stationary;pencil;415;24,55;7,09
07.11.2018;2018;11;7;Darma;yes;thebarn;Germany;Bavaria;Nuremberg;household;gloves;139;59,9;2,78
29.11.2018;2018;11;29;Susan;yes;smartpoint;Germany;Hamburg;Hamburg;stationary;ball-pen;540;38,33;1,71
12.12.2018;2018;12;12;Greg;no;dealhouse;Germany;Hamburg;Hamburg;household;towls;403;50,98;6,61
15.12.2018;2018;12;15;Harry;no;dealhouse;Germany;BadWurt;Karlsruhe;household;gloves;504;58,87;0,71
27.11.2018;2018;11;27;Ina;yes;metropolis;Germany;Hamburg;Hamburg;stationary;pencil;671;0,19;0,45
13.12.2018;2018;12;13;Beth;yes;smartpoint;Germany;NRW;Essen;stationary;marker;73;11,63;0,13
20.10.2018;2018;10;20;Greg;yes;dealhouse;Germany;Berlin;Berlin;appliances;vaccum cleaner;9;85,97;0,75
31.10.2018;2018;10;31;Ina;yes;metropolis;Germany;BadWurt;Karlsruhe;stationary;pen;312;64,13;3,89
27.11.2018;2018;11;27;Beth;no;dealhouse;Germany;Saxony;Leipzig;appliances;mixer;419;36,83;1,76
02.12.2018;2018;12;2;Beth;no;thebarn;Germany;NRW;Essen;appliances;vaccum cleaner;998;3,45;2,42
14.12.2018;2018;12;14;Lewis;no;thebarn;Germany;BadWurt;Freiburg;appliances;vaccum cleaner;114;63,39;3,02
01.11.2018;2018;11;1;Wilbur;no;smartpoint;Germany;NRW;Cologne;stationary;water colours;399;92,49;0,66
13.12.2018;2018;12;13;Harry;no;smartpoint;Germany;BadWurt;Karlsruhe;household;towls;298;71,22;4,36
04.12.2018;2018;12;4;Ina;yes;care4you;Germany;NRW;Aachen;stationary;pencil;296;43,13;4,3
31.12.2018;2018;12;31;Darma;no;dealhouse;Germany;Hamburg;Hamburg;appliances;mixer;273;63,23;2,15
13.12.2018;2018;12;13;Beth;yes;dealhouse;Germany;Saxony;Leipzig;stationary;pen;305;88,31;7,17
01.11.2018;2018;11;1;Susan;no;metropolis;Germany;Saxony;Leipzig;stationary;marker;685;21,15;0,91
09.10.2018;2018;10;9;Beth;no;care4you;Germany;Hamburg;Hamburg;household;gloves;118;11,9;4,18
04.10.2018;2018;10;4;Darma;yes;thebarn;Germany;Hessia;Frankfurt;stationary;pencil;660;21,46;8,08
29.11.2018;2018;11;29;Lewis;yes;thebarn;Germany;BadWurt;Freiburg;appliances;mixer;715;96,99;1,99
08.12.2018;2018;12;8;Wilbur;no;care4you;Germany;Saxony;Halle;stationary;pen;551;51,64;2,48
11.11.2018;2018;11;11;Harry;no;smartpoint;Germany;Bavaria;Nuremberg;household;towls;14;35,53;2,53
30.10.2018;2018;10;30;Harry;no;care4you;Germany;Bavaria;Augsburg;household;waste bags;714;28,58;0,43
25.10.2018;2018;10;25;Darma;yes;smartpoint;Germany;NRW;Essen;stationary;ball-pen;657;25,9;6,05
18.12.2018;2018;12;18;Harry;no;care4you;Germany;BadWurt;Freiburg;appliances;mixer;48;80,32;8,41
20.10.2018;2018;10;20;Darma;no;smartpoint;Germany;Bremen;Bremen;stationary;water colours;24;75,04;4,3
09.12.2018;2018;12;9;Beth;no;metropolis;Germany;NRW;Düsseldorf;appliances;micro wave oven;732;18,7;6,41
30.12.2018;2018;12;30;Susan;yes;smartpoint;Germany;BadWurt;Stuttgart;household;towls;658;71,6;2,27
27.12.2018;2018;12;27;Greg;yes;metropolis;Germany;Berlin;Berlin;household;gloves;78;46,7;6,42
06.12.2018;2018;12;6;Ina;yes;care4you;Germany;Berlin;Berlin;stationary;pencil;97;72,52;3,66
11.10.2018;2018;10;11;Darma;no;metropolis;Germany;Bavaria;Munich;stationary;pen;532;79,55;7,25
29.10.2018;2018;10;29;Lewis;yes;smartpoint;Germany;BadWurt;Freiburg;stationary;pencil;877;96,67;6,67
01.12.2018;2018;12;1;Beth;yes;dealhouse;Germany;NRW;Aachen;stationary;water colours;874;15,99;4,08
13.12.2018;2018;12;13;Greg;no;thebarn;Germany;Saxony;Dresden;stationary;ball-pen;300;41,45;7,25
29.10.2018;2018;10;29;Lewis;no;thebarn;Germany;Bavaria;Nuremberg;stationary;ball-pen;249;87,85;3,89
13.11.2018;2018;11;13;Greg;no;smartpoint;Germany;NRW;Cologne;appliances;mixer;839;97,75;7,42
05.11.2018;2018;11;5;Lewis;yes;thebarn;Germany;NRW;Essen;appliances;micro wave oven;132;82,32;1,83
27.11.2018;2018;11;27;Susan;yes;thebarn;Germany;Bavaria;Augsburg;appliances;vaccum cleaner;480;50,2;9,92
01.10.2018;2018;10;1;Harry;no;care4you;Germany;Saxony;Dresden;stationary;pen;183;60,92;7,99
14.12.2018;2018;12;14;Harry;no;smartpoint;Germany;Saxony;Dresden;household;wipes;789;66,83;8,85
19.11.2018;2018;11;19;Greg;no;dealhouse;Germany;Hamburg;Hamburg;stationary;ball-pen;219;32,83;6,18
15.11.2018;2018;11;15;Lewis;no;dealhouse;Germany;BadWurt;Stuttgart;appliances;micro wave oven;612;71,87;9,16
26.11.2018;2018;11;26;Ina;no;care4you;Germany;BadWurt;Karlsruhe;household;gloves;96;91,3;8,2
24.11.2018;2018;11;24;Harry;yes;dealhouse;Germany;BadWurt;Freiburg;stationary;marker;370;79,09;9,49
10.10.2018;2018;10;10;Ina;no;smartpoint;Germany;Saxony;Leipzig;household;towls;904;48,39;3,98
09.11.2018;2018;11;9;Beth;yes;thebarn;Germany;BadWurt;Karlsruhe;stationary;pencil;653;78,15;4,95
30.12.2018;2018;12;30;Ina;yes;smartpoint;Germany;Bremen;Bremen;stationary;ball-pen;25;2,34;1,37
28.11.2018;2018;11;28;Harry;yes;smartpoint;Germany;Bavaria;Nuremberg;household;towls;891;63,14;0,97
21.10.2018;2018;10;21;Greg;no;dealhouse;Germany;Berlin;Berlin;household;wipes;114;4,53;4,62
07.11.2018;2018;11;7;Susan;yes;dealhouse;Germany;Saxony;Dresden;stationary;water colours;245;30,26;4,54
23.12.2018;2018;12;23;Wilbur;no;metropolis;Germany;BadWurt;Karlsruhe;stationary;marker;994;67,05;7,8
08.11.2018;2018;11;8;Darma;no;dealhouse;Germany;Bavaria;Nuremberg;stationary;pencil;892;6,74;1,13
20.10.2018;2018;10;20;Greg;yes;dealhouse;Germany;Bremen;Bremen;stationary;marker;710;0,93;2,45
17.10.2018;2018;10;17;Wilbur;no;dealhouse;Germany;Hamburg;Hamburg;appliances;micro wave oven;318;0,41;6,29
09.11.2018;2018;11;9;Susan;yes;care4you;Germany;Berlin;Berlin;household;wipes;236;92,61;0,03
25.10.2018;2018;10;25;Darma;no;dealhouse;Germany;BadWurt;Freiburg;household;wipes;714;47,48;8,13
07.12.2018;2018;12;7;Harry;yes;metropolis;Germany;Saxony;Leipzig;household;gloves;410;17,43;8
14.11.2018;2018;11;14;Harry;no;care4you;Germany;Bavaria;Nuremberg;stationary;water colours;510;59,22;3,69
25.10.2018;2018;10;25;Ina;yes;dealhouse;Germany;Hessia;Frankfurt;household;wipes;423;45,6;1,85
02.12.2018;2018;12;2;Wilbur;no;dealhouse;Germany;NRW;Essen;household;waste bags;196;86,78;5,71
21.11.2018;2018;11;21;Darma;no;dealhouse;Germany;BadWurt;Karlsruhe;stationary;water colours;512;3,03;4,35
11.11.2018;2018;11;11;Darma;yes;care4you;Germany;Bavaria;Nuremberg;stationary;ball-pen;446;68,49;4,72
24.10.2018;2018;10;24;Greg;yes;dealhouse;Germany;BadWurt;Stuttgart;stationary;ball-pen;47;65,41;2,02
30.12.2018;2018;12;30;Ina;yes;dealhouse;Germany;Bremen;Bremen;household;gloves;548;22,13;5,4
05.12.2018;2018;12;5;Harry;no;thebarn;Germany;Saxony;Leipzig;stationary;pen;662;20,22;3,79
07.11.2018;2018;11;7;Beth;no;care4you;Germany;BadWurt;Karlsruhe;stationary;marker;301;11,01;6,53
20.11.2018;2018;11;20;Beth;no;metropolis;Germany;Bremen;Bremen;stationary;pencil;362;10,02;1,98
17.11.2018;2018;11;17;Lewis;yes;metropolis;Germany;NRW;Essen;household;towls;723;45,3;2,64
23.12.2018;2018;12;23;Greg;yes;dealhouse;Germany;Bavaria;Nuremberg;stationary;pencil;570;99,37;4,86
30.10.2018;2018;10;30;Harry;yes;thebarn;Germany;Saxony;Dresden;appliances;mixer;654;96,78;9,64
28.10.2018;2018;10;28;Lewis;yes;thebarn;Germany;Berlin;Berlin;household;gloves;26;3,59;0,61
06.10.2018;2018;10;6;Greg;no;dealhouse;Germany;Berlin;Berlin;appliances;micro wave oven;46;99,78;2,72
06.11.2018;2018;11;6;Lewis;no;smartpoint;Germany;Bavaria;Munich;appliances;mixer;53;36,88;7,97
23.11.2018;2018;11;23;Harry;yes;care4you;Germany;Bavaria;Munich;household;waste bags;256;91,53;8,56
15.11.2018;2018;11;15;Susan;yes;dealhouse;Germany;Saxony;Leipzig;stationary;water colours;626;95,69;6,46
01.12.2018;2018;12;1;Wilbur;no;care4you;Germany;NRW;Aachen;appliances;vaccum cleaner;300;69,42;9,58
01.11.2018;2018;11;1;Ina;no;smartpoint;Germany;Berlin;Berlin;stationary;pencil;232;99,65;2,8
29.10.2018;2018;10;29;Wilbur;no;metropolis;Germany;NRW;Düsseldorf;stationary;pencil;642;37,46;9,17
18.10.2018;2018;10;18;Wilbur;no;metropolis;Germany;NRW;Essen;appliances;vaccum cleaner;265;96,34;6,35
17.12.2018;2018;12;17;Darma;yes;dealhouse;Germany;Hamburg;Hamburg;stationary;ball-pen;985;70,81;0,4
26.11.2018;2018;11;26;Beth;yes;care4you;Germany;Hamburg;Hamburg;stationary;pencil;824;72,9;9,22
05.10.2018;2018;10;5;Lewis;yes;dealhouse;Germany;Hessia;Frankfurt;appliances;mixer;209;94,01;3,49
10.11.2018;2018;11;10;Greg;no;care4you;Germany;Bremen;Bremen;stationary;ball-pen;928;48,82;6,39
18.11.2018;2018;11;18;Beth;no;thebarn;Germany;Hessia;Frankfurt;stationary;ball-pen;389;60,26;2,32
21.10.2018;2018;10;21;Wilbur;yes;metropolis;Germany;Bavaria;Augsburg;household;waste bags;252;39,05;1,5
10.10.2018;2018;10;10;Beth;no;care4you;Germany;Bremen;Bremen;appliances;micro wave oven;866;43,05;10
25.11.2018;2018;11;25;Greg;no;metropolis;Germany;Bremen;Bremen;stationary;pen;440;26,48;1,21
19.11.2018;2018;11;19;Beth;no;thebarn;Germany;Saxony;Dresden;stationary;ball-pen;654;28,23;7,53
12.12.2018;2018;12;12;Lewis;yes;care4you;Germany;NRW;Aachen;appliances;micro wave oven;653;18,61;9,62
29.11.2018;2018;11;29;Darma;yes;dealhouse;Germany;NRW;Dortmund;household;gloves;808;98,23;2,95
23.12.2018;2018;12;23;Lewis;no;care4you;Germany;NRW;Cologne;appliances;mixer;738;97,87;6,48
05.12.2018;2018;12;5;Ina;no;dealhouse;Germany;BadWurt;Stuttgart;household;wipes;520;91,92;8,83
09.12.2018;2018;12;9;Greg;yes;care4you;Germany;Saxony;Halle;stationary;pen;104;88,83;0,01
14.10.2018;2018;10;14;Susan;yes;smartpoint;Germany;BadWurt;Stuttgart;stationary;water colours;509;49,95;5,41
26.10.2018;2018;10;26;Lewis;yes;dealhouse;Germany;NRW;Dortmund;appliances;mixer;558;10,48;2,51
17.11.2018;2018;11;17;Darma;no;smartpoint;Germany;Berlin;Berlin;stationary;pen;973;44,29;3,56
05.12.2018;2018;12;5;Susan;yes;thebarn;Germany;Hamburg;Hamburg;household;towls;854;7,89;5,24
08.10.2018;2018;10;8;Lewis;no;dealhouse;Germany;NRW;Essen;stationary;pen;448;36,51;1,89
13.12.2018;2018;12;13;Harry;yes;thebarn;Germany;NRW;Aachen;household;gloves;662;8,3;4,04
26.12.2018;2018;12;26;Lewis;yes;thebarn;Germany;NRW;Essen;stationary;water colours;343;45,71;1,91
24.12.2018;2018;12;24;Greg;yes;dealhouse;Germany;Hessia;Frankfurt;stationary;pen;711;98,49;4,36
05.11.2018;2018;11;5;Susan;no;care4you;Germany;BadWurt;Karlsruhe;stationary;pen;709;47,24;6,22
16.11.2018;2018;11;16;Greg;no;metropolis;Germany;Berlin;Berlin;stationary;pen;88;78,61;9,04
22.10.2018;2018;10;22;Beth;yes;thebarn;Germany;NRW;Dortmund;appliances;vaccum cleaner;29;3,85;9,06
10.11.2018;2018;11;10;Ina;yes;smartpoint;Germany;Bavaria;Augsburg;stationary;ball-pen;472;21,34;1,89
10.11.2018;2018;11;10;Susan;no;metropolis;Germany;Saxony;Halle;household;wipes;520;96,85;4,81
11.10.2018;2018;10;11;Greg;yes;smartpoint;Germany;NRW;Cologne;stationary;pen;344;24,98;2,78
20.11.2018;2018;11;20;Ina;yes;care4you;Germany;BadWurt;Karlsruhe;stationary;pen;42;10,71;4,44
18.12.2018;2018;12;18;Harry;yes;smartpoint;Germany;Bavaria;Nuremberg;stationary;marker;894;58,09;3,64
19.11.2018;2018;11;19;Wilbur;yes;care4you;Germany;NRW;Düsseldorf;stationary;marker;202;62,41;1,36
10.11.2018;2018;11;10;Greg;yes;thebarn;Germany;Bavaria;Munich;appliances;micro wave oven;298;43,44;0,95
26.12.2018;2018;12;26;Lewis;no;metropolis;Germany;Hessia;Frankfurt;appliances;micro wave oven;79;50,94;2,31
21.11.2018;2018;11;21;Beth;no;dealhouse;Germany;BadWurt;Freiburg;appliances;micro wave oven;472;15,6;3,2
29.10.2018;2018;10;29;Harry;no;thebarn;Germany;BadWurt;Stuttgart;household;wipes;154;71,36;1,6
24.12.2018;2018;12;24;Greg;no;dealhouse;Germany;Hessia;Frankfurt;stationary;ball-pen;233;60,78;6,47
21.12.2018;2018;12;21;Greg;no;dealhouse;Germany;Bavaria;Augsburg;household;towls;41;81,13;3,58
25.11.2018;2018;11;25;Wilbur;yes;dealhouse;Germany;Saxony;Dresden;stationary;pen;572;73,55;8,08
07.10.2018;2018;10;7;Harry;no;smartpoint;Germany;Berlin;Berlin;stationary;water colours;491;50,7;2,76
14.10.2018;2018;10;14;Susan;no;metropolis;Germany;Bavaria;Augsburg;stationary;marker;706;19,35;4,2
30.12.2018;2018;12;30;Darma;no;smartpoint;Germany;Bavaria;Munich;stationary;marker;407;40,05;3,18
28.10.2018;2018;10;28;Beth;yes;smartpoint;Germany;NRW;Düsseldorf;household;gloves;891;53,19;4,1
31.10.2018;2018;10;31;Lewis;no;dealhouse;Germany;BadWurt;Karlsruhe;stationary;water colours;119;32,7;0,07
06.11.2018;2018;11;6;Beth;no;care4you;Germany;NRW;Düsseldorf;household;waste bags;297;50,98;3,62
02.10.2018;2018;10;2;Darma;yes;care4you;Germany;Saxony;Halle;household;wipes;612;16,43;3,4
21.10.2018;2018;10;21;Greg;no;metropolis;Germany;Bremen;Bremen;household;towls;807;14,75;9,39
20.11.2018;2018;11;20;Greg;yes;metropolis;Germany;BadWurt;Karlsruhe;stationary;pencil;226;55,53;2,96
27.12.2018;2018;12;27;Susan;yes;smartpoint;Germany;Bavaria;Augsburg;stationary;pen;790;96,16;4,45
19.12.2018;2018;12;19;Wilbur;yes;thebarn;Germany;BadWurt;Stuttgart;stationary;pencil;741;57,47;0,19
18.11.2018;2018;11;18;Harry;yes;thebarn;Germany;NRW;Aachen;appliances;vaccum cleaner;559;85,7;1,49
04.10.2018;2018;10;4;Darma;no;dealhouse;Germany;Bavaria;Augsburg;household;gloves;639;96,24;6,27
19.11.2018;2018;11;19;Darma;yes;dealhouse;Germany;Hamburg;Hamburg;household;waste bags;961;27,94;0,09
30.12.2018;2018;12;30;Susan;no;care4you;Germany;Saxony;Dresden;appliances;micro wave oven;528;99,61;7,78
29.10.2018;2018;10;29;Lewis;yes;metropolis;Germany;Saxony;Dresden;stationary;pen;707;97,66;9,59
04.10.2018;2018;10;4;Lewis;no;thebarn;Germany;Bavaria;Nuremberg;stationary;pencil;444;40,06;2,7
03.10.2018;2018;10;3;Darma;no;dealhouse;Germany;Saxony;Halle;stationary;pen;171;88,49;2,59
14.12.2018;2018;12;14;Ina;yes;metropolis;Germany;BadWurt;Freiburg;stationary;pen;881;44,31;9,39
09.10.2018;2018;10;9;Darma;no;dealhouse;Germany;NRW;Essen;appliances;vaccum cleaner;787;7,39;3,55
09.12.2018;2018;12;9;Beth;yes;smartpoint;Germany;BadWurt;Stuttgart;stationary;marker;657;71,6;1,3
07.12.2018;2018;12;7;Greg;yes;thebarn;Germany;Saxony;Dresden;stationary;water colours;849;33,6;6,78
11.11.2018;2018;11;11;Susan;yes;smartpoint;Germany;Bavaria;Munich;stationary;pen;497;31;1,86
28.10.2018;2018;10;28;Darma;no;thebarn;Germany;Bavaria;Munich;appliances;micro wave oven;526;8,95;2,42
28.11.2018;2018;11;28;Greg;yes;care4you;Germany;Bavaria;Munich;appliances;vaccum cleaner;111;39,18;8,06
08.10.2018;2018;10;8;Greg;yes;smartpoint;Germany;BadWurt;Freiburg;stationary;water colours;162;40,91;3,91
07.12.2018;2018;12;7;Harry;yes;dealhouse;Germany;NRW;Cologne;appliances;mixer;427;29,64;9,85
29.12.2018;2018;12;29;Lewis;no;metropolis;Germany;NRW;Dortmund;appliances;micro wave oven;957;2,01;8,85
11.10.2018;2018;10;11;Wilbur;no;smartpoint;Germany;NRW;Düsseldorf;household;waste bags;346;6,31;0,66
28.10.2018;2018;10;28;Beth;no;thebarn;Germany;NRW;Düsseldorf;household;wipes;608;89,28;8,21
20.12.2018;2018;12;20;Greg;no;metropolis;Germany;Berlin;Berlin;household;wipes;17;93,59;7,15
15.12.2018;2018;12;15;Darma;yes;care4you;Germany;BadWurt;Stuttgart;appliances;vaccum cleaner;236;23,44;7,38
27.10.2018;2018;10;27;Wilbur;yes;dealhouse;Germany;Saxony;Halle;stationary;ball-pen;755;23,49;3,08
13.12.2018;2018;12;13;Susan;yes;smartpoint;Germany;NRW;Cologne;household;gloves;573;46,92;1,54
20.11.2018;2018;11;20;Wilbur;yes;metropolis;Germany;Saxony;Dresden;household;wipes;124;3,77;3,1
13.11.2018;2018;11;13;Beth;yes;thebarn;Germany;Hessia;Frankfurt;stationary;marker;225;75,5;2
04.12.2018;2018;12;4;Beth;no;smartpoint;Germany;Bavaria;Augsburg;household;waste bags;362;24,27;8,49
11.10.2018;2018;10;11;Ina;yes;smartpoint;Germany;NRW;Cologne;household;wipes;89;5,84;7,07
04.10.2018;2018;10;4;Ina;no;smartpoint;Germany;Bremen;Bremen;appliances;micro wave oven;840;45,25;7,47
03.12.2018;2018;12;3;Darma;yes;smartpoint;Germany;Bavaria;Augsburg;household;wipes;764;14,37;1,26
28.11.2018;2018;11;28;Harry;no;dealhouse;Germany;Bavaria;Nuremberg;appliances;micro wave oven;548;34,56;7,16
24.10.2018;2018;10;24;Beth;no;care4you;Germany;Bremen;Bremen;appliances;mixer;533;15,42;9,04
24.11.2018;2018;11;24;Darma;no;metropolis;Germany;Bavaria;Nuremberg;appliances;mixer;903;50,73;4,55
25.12.2018;2018;12;25;Lewis;yes;thebarn;Germany;Bavaria;Augsburg;stationary;pen;352;90,01;3,59
26.12.2018;2018;12;26;Ina;yes;thebarn;Germany;NRW;Cologne;appliances;mixer;127;93,05;3
16.12.2018;2018;12;16;Lewis;no;dealhouse;Germany;NRW;Düsseldorf;household;waste bags;25;56,59;6,68
12.11.2018;2018;11;12;Harry;yes;smartpoint;Germany;Saxony;Leipzig;household;gloves;203;85,55;5,44
04.10.2018;2018;10;4;Greg;no;care4you;Germany;BadWurt;Karlsruhe;household;gloves;782;79,88;2,48
08.12.2018;2018;12;8;Darma;yes;dealhouse;Germany;BadWurt;Stuttgart;appliances;mixer;807;5,29;0,61
11.10.2018;2018;10;11;Darma;yes;metropolis;Germany;Bavaria;Augsburg;appliances;mixer;466;60,17;7
10.11.2018;2018;11;10;Lewis;no;thebarn;Germany;Bremen;Bremen;stationary;pen;195;68,28;1,4
31.10.2018;2018;10;31;Wilbur;no;dealhouse;Germany;Bavaria;Augsburg;household;wipes;68;67,23;5,76
16.11.2018;2018;11;16;Greg;yes;smartpoint;Germany;Bavaria;Munich;stationary;ball-pen;693;27,65;2,37
21.10.2018;2018;10;21;Beth;no;smartpoint;Germany;Hessia;Frankfurt;appliances;micro wave oven;438;3,64;2,79
07.10.2018;2018;10;7;Harry;yes;thebarn;Germany;BadWurt;Karlsruhe;household;waste bags;989;20,29;2
30.11.2018;2018;11;30;Ina;no;metropolis;Germany;Saxony;Dresden;stationary;ball-pen;46;44,19;6,67
09.11.2018;2018;11;9;Harry;no;metropolis;Germany;NRW;Essen;household;waste bags;207;64,4;0,86
17.10.2018;2018;10;17;Susan;no;thebarn;Germany;Hessia;Frankfurt;appliances;micro wave oven;408;6,51;4,9
28.11.2018;2018;11;28;Darma;yes;care4you;Germany;NRW;Dortmund;stationary;pen;31;36,46;4,03
06.11.2018;2018;11;6;Ina;no;metropolis;Germany;BadWurt;Karlsruhe;household;gloves;412;96,72;8,37
29.12.2018;2018;12;29;Lewis;yes;metropolis;Germany;Hessia;Frankfurt;stationary;water colours;718;99,1;2,6
01.10.2018;2018;10;1;Wilbur;no;care4you;Germany;NRW;Essen;household;wipes;918;27,27;0,2
06.10.2018;2018;10;6;Harry;no;care4you;Germany;BadWurt;Karlsruhe;appliances;mixer;689;95,36;7,06
11.10.2018;2018;10;11;Lewis;no;metropolis;Germany;Hessia;Frankfurt;household;gloves;650;4,84;0,03
13.10.2018;2018;10;13;Greg;yes;smartpoint;Germany;BadWurt;Freiburg;appliances;micro wave oven;135;27,16;3,36
16.12.2018;2018;12;16;Susan;yes;metropolis;Germany;Bavaria;Nuremberg;appliances;mixer;427;43,49;7,27
19.10.2018;2018;10;19;Harry;no;smartpoint;Germany;NRW;Essen;household;gloves;472;58,1;2,87
18.10.2018;2018;10;18;Susan;yes;metropolis;Germany;Bremen;Bremen;appliances;micro wave oven;535;76,34;6,05
13.12.2018;2018;12;13;Lewis;no;metropolis;Germany;Bavaria;Munich;stationary;pen;276;8,7;7,97
01.10.2018;2018;10;1;Beth;yes;metropolis;Germany;NRW;Cologne;appliances;vaccum cleaner;469;97,67;0,26
31.12.2018;2018;12;31;Beth;no;thebarn;Germany;Bavaria;Munich;appliances;vaccum cleaner;356;38,17;6,42
23.11.2018;2018;11;23;Darma;yes;care4you;Germany;NRW;Düsseldorf;stationary;marker;824;0,57;9,72
06.10.2018;2018;10;6;Lewis;no;care4you;Germany;NRW;Essen;household;waste bags;128;26,99;0,6
12.11.2018;2018;11;12;Darma;yes;dealhouse;Germany;NRW;Dortmund;household;wipes;98;74,31;9,49
18.11.2018;2018;11;18;Susan;yes;smartpoint;Germany;NRW;Cologne;stationary;marker;319;33,44;9,19
09.12.2018;2018;12;9;Wilbur;no;care4you;Germany;Saxony;Dresden;appliances;vaccum cleaner;298;23,21;1,57
06.11.2018;2018;11;6;Ina;yes;thebarn;Germany;Berlin;Berlin;appliances;vaccum cleaner;433;63,55;5,28
12.10.2018;2018;10;12;Beth;yes;dealhouse;Germany;Hessia;Frankfurt;appliances;mixer;563;89,83;7,35
06.12.2018;2018;12;6;Wilbur;yes;metropolis;Germany;BadWurt;Freiburg;stationary;ball-pen;187;76,93;8,76
19.11.2018;2018;11;19;Wilbur;yes;metropolis;Germany;NRW;Düsseldorf;appliances;vaccum cleaner;869;92,37;5,53
20.12.2018;2018;12;20;Greg;yes;thebarn;Germany;BadWurt;Karlsruhe;appliances;vaccum cleaner;880;48,71;2,32
06.11.2018;2018;11;6;Lewis;no;metropolis;Germany;NRW;Dortmund;household;wipes;960;73,93;2,86
02.10.2018;2018;10;2;Harry;yes;dealhouse;Germany;NRW;Dortmund;appliances;vaccum cleaner;850;64,3;1,64
15.10.2018;2018;10;15;Wilbur;no;smartpoint;Germany;BadWurt;Karlsruhe;appliances;micro wave oven;120;25,98;8,05
19.10.2018;2018;10;19;Wilbur;yes;thebarn;Germany;Bavaria;Augsburg;household;wipes;110;88,7;5,3
21.11.2018;2018;11;21;Susan;yes;metropolis;Germany;Bremen;Bremen;stationary;ball-pen;233;77,98;3,56
03.11.2018;2018;11;3;Ina;no;dealhouse;Germany;Bavaria;Augsburg;appliances;micro wave oven;211;70,98;1,45
28.10.2018;2018;10;28;Greg;no;smartpoint;Germany;Bavaria;Nuremberg;stationary;ball-pen;507;36,46;1,71
06.10.2018;2018;10;6;Harry;yes;thebarn;Germany;Saxony;Leipzig;household;gloves;196;33,2;2,13
29.11.2018;2018;11;29;Ina;yes;thebarn;Germany;Bavaria;Munich;stationary;pen;254;26,15;0,45
18.11.2018;2018;11;18;Greg;no;thebarn;Germany;Bavaria;Nuremberg;stationary;water colours;988;49,35;7,55
17.12.2018;2018;12;17;Ina;no;dealhouse;Germany;Hessia;Frankfurt;stationary;marker;463;35,69;5,26
26.12.2018;2018;12;26;Ina;no;care4you;Germany;Bavaria;Augsburg;stationary;marker;675;36,23;9,59
01.11.2018;2018;11;1;Beth;yes;metropolis;Germany;Saxony;Dresden;stationary;ball-pen;416;40,17;4,08
24.12.2018;2018;12;24;Lewis;yes;care4you;Germany;Bavaria;Augsburg;stationary;marker;208;79,44;7,39
22.11.2018;2018;11;22;Ina;yes;metropolis;Germany;NRW;Cologne;appliances;vaccum cleaner;265;25,89;3,4
06.11.2018;2018;11;6;Darma;no;smartpoint;Germany;NRW;Düsseldorf;household;towls;765;22,87;3,86
25.10.2018;2018;10;25;Beth;no;metropolis;Germany;Berlin;Berlin;appliances;micro wave oven;559;42,39;1,7
17.10.2018;2018;10;17;Lewis;no;dealhouse;Germany;BadWurt;Karlsruhe;household;gloves;336;23,97;2,36
21.10.2018;2018;10;21;Beth;yes;metropolis;Germany;BadWurt;Freiburg;household;towls;323;57,17;6,66
04.12.2018;2018;12;4;Harry;no;care4you;Germany;BadWurt;Stuttgart;appliances;mixer;431;66,3;6,94
27.12.2018;2018;12;27;Wilbur;yes;dealhouse;Germany;NRW;Düsseldorf;appliances;vaccum cleaner;891;7,02;1,39
23.11.2018;2018;11;23;Susan;no;thebarn;Germany;Bavaria;Augsburg;stationary;water colours;501;43,56;9,8
16.10.2018;2018;10;16;Ina;yes;smartpoint;Germany;BadWurt;Freiburg;household;gloves;780;93,32;6,85
06.10.2018;2018;10;6;Beth;no;smartpoint;Germany;NRW;Aachen;stationary;ball-pen;827;72,76;0,12
20.12.2018;2018;12;20;Harry;no;smartpoint;Germany;BadWurt;Stuttgart;appliances;vaccum cleaner;874;44,91;1,1
17.12.2018;2018;12;17;Lewis;yes;smartpoint;Germany;Berlin;Berlin;appliances;vaccum cleaner;760;91,07;2,79
07.12.2018;2018;12;7;Ina;no;metropolis;Germany;Hamburg;Hamburg;household;gloves;971;6;5,67
14.12.2018;2018;12;14;Susan;no;dealhouse;Germany;NRW;Aachen;appliances;vaccum cleaner;640;80,71;6,18
29.11.2018;2018;11;29;Lewis;yes;care4you;Germany;NRW;Cologne;stationary;pen;927;3,61;4,3
18.10.2018;2018;10;18;Wilbur;no;smartpoint;Germany;Bavaria;Nuremberg;stationary;ball-pen;778;12,15;2,55
20.11.2018;2018;11;20;Darma;yes;metropolis;Germany;NRW;Dortmund;appliances;micro wave oven;581;94,79;3,62
24.11.2018;2018;11;24;Greg;yes;care4you;Germany;NRW;Düsseldorf;appliances;vaccum cleaner;801;37,04;4,31
07.10.2018;2018;10;7;Beth;yes;metropolis;Germany;NRW;Cologne;stationary;pen;170;75,72;8,82
09.12.2018;2018;12;9;Harry;no;smartpoint;Germany;NRW;Essen;stationary;ball-pen;368;74,78;3,37
20.10.2018;2018;10;20;Beth;no;care4you;Germany;NRW;Aachen;stationary;pencil;930;17,82;6,02
26.12.2018;2018;12;26;Harry;yes;metropolis;Germany;Hessia;Frankfurt;stationary;pen;984;86,41;9,99
05.10.2018;2018;10;5;Darma;no;thebarn;Germany;NRW;Essen;household;towls;235;73,43;6,31
15.11.2018;2018;11;15;Greg;no;metropolis;Germany;NRW;Aachen;stationary;ball-pen;659;52,31;5,23
17.11.2018;2018;11;17;Greg;no;thebarn;Germany;Saxony;Dresden;household;towls;20;82,33;1,53
09.11.2018;2018;11;9;Beth;yes;thebarn;Germany;Bremen;Bremen;stationary;water colours;93;81,2;0,66
21.12.2018;2018;12;21;Ina;no;thebarn;Germany;Bavaria;Munich;household;waste bags;141;39,7;6,82
20.12.2018;2018;12;20;Susan;no;thebarn;Germany;BadWurt;Stuttgart;stationary;ball-pen;603;14,37;0,33
30.10.2018;2018;10;30;Ina;no;thebarn;Germany;BadWurt;Stuttgart;household;waste bags;130;44,41;4,13
07.12.2018;2018;12;7;Wilbur;yes;metropolis;Germany;Saxony;Leipzig;household;towls;245;61,83;3,5
09.12.2018;2018;12;9;Harry;yes;dealhouse;Germany;NRW;Düsseldorf;appliances;vaccum cleaner;290;24,84;9,57
04.10.2018;2018;10;4;Susan;no;thebarn;Germany;NRW;Essen;stationary;ball-pen;940;94,61;6,52
24.12.2018;2018;12;24;Lewis;yes;care4you;Germany;Bavaria;Munich;household;gloves;161;51,82;9,27
14.11.2018;2018;11;14;Beth;no;care4you;Germany;Saxony;Dresden;household;gloves;88;48,22;8,4
28.12.2018;2018;12;28;Greg;yes;thebarn;Germany;Bavaria;Nuremberg;stationary;pencil;821;48,01;1,52
11.11.2018;2018;11;11;Beth;yes;dealhouse;Germany;BadWurt;Stuttgart;appliances;micro wave oven;40;88,97;6,77
22.12.2018;2018;12;22;Lewis;no;care4you;Germany;Hessia;Frankfurt;appliances;vaccum cleaner;100;70,96;7,59
01.12.2018;2018;12;1;Wilbur;yes;care4you;Germany;Hessia;Frankfurt;stationary;ball-pen;492;16,72;7,71
18.12.2018;2018;12;18;Darma;no;dealhouse;Germany;NRW;Aachen;stationary;pen;43;77,06;5,36
13.10.2018;2018;10;13;Greg;no;smartpoint;Germany;Bremen;Bremen;stationary;pencil;986;66,73;9,15
14.10.2018;2018;10;14;Susan;yes;metropolis;Germany;BadWurt;Stuttgart;stationary;pencil;986;55,02;0,58
08.12.2018;2018;12;8;Susan;no;care4you;Germany;Bavaria;Nuremberg;stationary;pencil;977;36,32;5,44
12.12.2018;2018;12;12;Lewis;yes;smartpoint;Germany;Bavaria;Munich;household;wipes;712;10,35;9,93
21.10.2018;2018;10;21;Lewis;no;dealhouse;Germany;Hessia;Frankfurt;appliances;micro wave oven;584;0,85;5,63
28.12.2018;2018;12;28;Greg;no;dealhouse;Germany;Hessia;Frankfurt;household;wipes;765;13,74;0,36
02.10.2018;2018;10;2;Lewis;no;care4you;Germany;BadWurt;Freiburg;stationary;pen;212;68,59;3,61
26.10.2018;2018;10;26;Lewis;yes;smartpoint;Germany;Bavaria;Nuremberg;stationary;pen;666;76,79;3,16
08.11.2018;2018;11;8;Lewis;no;dealhouse;Germany;BadWurt;Freiburg;household;towls;829;2,84;5,64
07.10.2018;2018;10;7;Ina;no;metropolis;Germany;BadWurt;Karlsruhe;household;wipes;712;97,05;6,28
12.12.2018;2018;12;12;Ina;no;dealhouse;Germany;NRW;Aachen;stationary;pen;986;98,78;2,73
30.12.2018;2018;12;30;Lewis;yes;dealhouse;Germany;NRW;Essen;stationary;water colours;456;85,78;4,01
23.12.2018;2018;12;23;Darma;no;smartpoint;Germany;Bavaria;Augsburg;household;towls;292;70,42;1,82
22.12.2018;2018;12;22;Greg;yes;thebarn;Germany;NRW;Dortmund;appliances;mixer;293;6,48;4,3
30.10.2018;2018;10;30;Wilbur;yes;care4you;Germany;Saxony;Halle;stationary;pen;346;40,54;8,98
19.12.2018;2018;12;19;Lewis;yes;care4you;Germany;Bremen;Bremen;household;waste bags;972;23,62;2,17
27.10.2018;2018;10;27;Darma;yes;dealhouse;Germany;Bavaria;Nuremberg;stationary;pencil;248;41,56;7,06
16.12.2018;2018;12;16;Beth;yes;metropolis;Germany;Saxony;Dresden;stationary;marker;156;93,2;3,68
21.10.2018;2018;10;21;Beth;yes;dealhouse;Germany;Bavaria;Munich;household;wipes;142;62,98;1,07
05.11.2018;2018;11;5;Harry;no;metropolis;Germany;Bavaria;Munich;stationary;pen;200;44,51;4,31
01.10.2018;2018;10;1;Susan;yes;dealhouse;Germany;Berlin;Berlin;stationary;ball-pen;523;41,5;3,51
08.12.2018;2018;12;8;Darma;yes;dealhouse;Germany;Saxony;Halle;stationary;marker;102;68,08;8,58
02.12.2018;2018;12;2;Darma;no;thebarn;Germany;Saxony;Leipzig;appliances;vaccum cleaner;493;91,1;7,2
19.10.2018;2018;10;19;Beth;yes;smartpoint;Germany;Saxony;Leipzig;household;towls;503;6,98;7,75
14.10.2018;2018;10;14;Ina;no;care4you;Germany;Berlin;Berlin;appliances;vaccum cleaner;670;26,3;8,97
16.10.2018;2018;10;16;Lewis;yes;thebarn;Germany;NRW;Düsseldorf;appliances;micro wave oven;125;39,87;2,2
06.11.2018;2018;11;6;Ina;yes;metropolis;Germany;Saxony;Leipzig;appliances;micro wave oven;440;9,53;8,24
29.10.2018;2018;10;29;Lewis;yes;care4you;Germany;NRW;Essen;appliances;micro wave oven;290;94,29;5,08
06.12.2018;2018;12;6;Lewis;no;thebarn;Germany;NRW;Dortmund;appliances;mixer;194;46,51;3,69
03.10.2018;2018;10;3;Lewis;yes;care4you;Germany;BadWurt;Freiburg;household;gloves;494;10,09;0,3
16.10.2018;2018;10;16;Susan;yes;care4you;Germany;Hessia;Frankfurt;household;wipes;845;73,49;9,69
19.10.2018;2018;10;19;Greg;no;metropolis;Germany;Bavaria;Munich;stationary;ball-pen;398;74,86;2,38
29.12.2018;2018;12;29;Darma;yes;smartpoint;Germany;BadWurt;Freiburg;household;waste bags;369;55,07;0,05
18.12.2018;2018;12;18;Beth;no;dealhouse;Germany;Saxony;Halle;stationary;marker;348;0,91;5,86
08.11.2018;2018;11;8;Susan;no;care4you;Germany;Bremen;Bremen;appliances;mixer;896;59,18;8,62
13.10.2018;2018;10;13;Harry;yes;care4you;Germany;Saxony;Leipzig;household;towls;398;11,58;7,7
04.12.2018;2018;12;4;Greg;yes;care4you;Germany;BadWurt;Stuttgart;stationary;water colours;823;18,47;5,67
22.12.2018;2018;12;22;Beth;yes;care4you;Germany;BadWurt;Freiburg;household;towls;320;27,72;6,16
29.10.2018;2018;10;29;Harry;yes;dealhouse;Germany;NRW;Aachen;appliances;mixer;130;4,28;6,42
08.12.2018;2018;12;8;Wilbur;no;metropolis;Germany;NRW;Dortmund;stationary;water colours;462;5,46;1,71
23.12.2018;2018;12;23;Beth;yes;dealhouse;Germany;Saxony;Leipzig;stationary;marker;873;89,4;0,64
17.10.2018;2018;10;17;Darma;no;care4you;Germany;Bavaria;Augsburg;appliances;vaccum cleaner;889;58,55;1,56
16.11.2018;2018;11;16;Darma;yes;metropolis;Germany;NRW;Cologne;appliances;vaccum cleaner;419;93,52;2,04
03.12.2018;2018;12;3;Harry;yes;smartpoint;Germany;Saxony;Halle;household;towls;823;14,64;4,06
01.11.2018;2018;11;1;Darma;no;dealhouse;Germany;Berlin;Berlin;appliances;vaccum cleaner;673;30,24;1,22
08.10.2018;2018;10;8;Harry;no;care4you;Germany;Bremen;Bremen;appliances;mixer;707;65,63;1,4
24.12.2018;2018;12;24;Greg;yes;thebarn;Germany;NRW;Aachen;stationary;pen;820;4,42;1,91
16.11.2018;2018;11;16;Greg;yes;smartpoint;Germany;NRW;Düsseldorf;stationary;water colours;985;47,34;5,58
04.12.2018;2018;12;4;Beth;no;smartpoint;Germany;Bavaria;Nuremberg;appliances;vaccum cleaner;83;97,16;0,66
13.12.2018;2018;12;13;Beth;no;care4you;Germany;NRW;Aachen;appliances;mixer;454;61,66;7,7
05.12.2018;2018;12;5;Susan;no;dealhouse;Germany;NRW;Düsseldorf;household;waste bags;270;29,7;1,19
01.12.2018;2018;12;1;Susan;yes;smartpoint;Germany;BadWurt;Freiburg;stationary;ball-pen;630;21,28;4,68
11.11.2018;2018;11;11;Lewis;no;smartpoint;Germany;BadWurt;Karlsruhe;stationary;marker;478;63,89;8,58
25.11.2018;2018;11;25;Greg;no;metropolis;Germany;Hessia;Frankfurt;stationary;pen;49;71,22;7,79
08.12.2018;2018;12;8;Darma;yes;care4you;Germany;NRW;Cologne;appliances;micro wave oven;98;20,79;1,8
06.12.2018;2018;12;6;Lewis;no;metropolis;Germany;Bremen;Bremen;household;towls;880;77,14;2,58
06.12.2018;2018;12;6;Wilbur;yes;care4you;Germany;Hessia;Frankfurt;stationary;pen;85;38,63;8,18
26.12.2018;2018;12;26;Beth;yes;dealhouse;Germany;Berlin;Berlin;appliances;mixer;504;33,78;8,96
10.11.2018;2018;11;10;Darma;no;metropolis;Germany;Saxony;Leipzig;stationary;marker;908;79,27;3,96
28.11.2018;2018;11;28;Beth;yes;dealhouse;Germany;Bavaria;Nuremberg;stationary;marker;544;19,68;4,31
13.10.2018;2018;10;13;Susan;no;smartpoint;Germany;Saxony;Leipzig;stationary;pen;456;64,51;3,15
11.12.2018;2018;12;11;Susan;no;metropolis;Germany;BadWurt;Karlsruhe;appliances;micro wave oven;943;61,13;4,96
07.12.2018;2018;12;7;Wilbur;no;care4you;Germany;Bremen;Bremen;stationary;pen;862;80,14;4,68
08.11.2018;2018;11;8;Wilbur;no;smartpoint;Germany;Saxony;Dresden;stationary;marker;15;38,84;7,47
04.10.2018;2018;10;4;Lewis;no;metropolis;Germany;BadWurt;Karlsruhe;household;wipes;26;63,48;8,71
28.10.2018;2018;10;28;Lewis;yes;thebarn;Germany;Hessia;Frankfurt;appliances;mixer;852;78,56;0,54
09.12.2018;2018;12;9;Susan;yes;thebarn;Germany;Bremen;Bremen;appliances;mixer;919;2,39;6,06
22.10.2018;2018;10;22;Darma;no;thebarn;Germany;Berlin;Berlin;stationary;ball-pen;225;88,83;1,84
09.12.2018;2018;12;9;Darma;yes;dealhouse;Germany;BadWurt;Stuttgart;stationary;ball-pen;681;65,5;8,97
23.12.2018;2018;12;23;Susan;no;thebarn;Germany;Saxony;Halle;stationary;marker;463;49,96;4,21
26.12.2018;2018;12;26;Susan;no;smartpoint;Germany;BadWurt;Freiburg;household;wipes;581;92,85;3,38
04.11.2018;2018;11;4;Lewis;yes;dealhouse;Germany;Saxony;Halle;stationary;water colours;853;45,27;0,07
10.12.2018;2018;12;10;Harry;yes;smartpoint;Germany;NRW;Aachen;appliances;micro wave oven;137;88,85;8,42
04.11.2018;2018;11;4;Lewis;yes;care4you;Germany;NRW;Essen;stationary;pen;815;7,11;1,44
06.10.2018;2018;10;6;Harry;no;dealhouse;Germany;Bavaria;Nuremberg;household;waste bags;998;67,71;5,78
13.11.2018;2018;11;13;Lewis;no;thebarn;Germany;NRW;Düsseldorf;stationary;marker;418;40,59;2,83
03.12.2018;2018;12;3;Wilbur;no;care4you;Germany;NRW;Essen;appliances;mixer;378;12,41;5,37
14.11.2018;2018;11;14;Beth;yes;dealhouse;Germany;Bremen;Bremen;stationary;water colours;745;83,39;7,81
30.11.2018;2018;11;30;Darma;no;care4you;Germany;Bavaria;Nuremberg;stationary;ball-pen;831;77,56;2,43
04.12.2018;2018;12;4;Ina;yes;metropolis;Germany;NRW;Cologne;household;gloves;576;65,94;0,18
15.11.2018;2018;11;15;Wilbur;yes;thebarn;Germany;Bremen;Bremen;household;gloves;362;79,19;2,64
06.11.2018;2018;11;6;Susan;no;thebarn;Germany;Saxony;Leipzig;stationary;pencil;616;67,26;8,82
29.12.2018;2018;12;29;Beth;yes;care4you;Germany;Saxony;Dresden;stationary;marker;586;6,36;9,87
18.11.2018;2018;11;18;Susan;no;metropolis;Germany;NRW;Dortmund;household;waste bags;276;40,42;9,79
28.12.2018;2018;12;28;Greg;yes;metropolis;Germany;Berlin;Berlin;household;towls;613;52,56;1,8
21.10.2018;2018;10;21;Susan;yes;metropolis;Germany;Hessia;Frankfurt;stationary;ball-pen;705;16,86;3,44
10.10.2018;2018;10;10;Greg;no;smartpoint;Germany;Saxony;Dresden;household;gloves;620;7,79;9,34
22.12.2018;2018;12;22;Harry;yes;smartpoint;Germany;Saxony;Dresden;household;towls;110;9,44;4,38
12.12.2018;2018;12;12;Wilbur;no;smartpoint;Germany;Bavaria;Nuremberg;household;wipes;415;45,66;5,85
10.10.2018;2018;10;10;Susan;no;dealhouse;Germany;NRW;Essen;appliances;mixer;361;17,09;2,7
19.10.2018;2018;10;19;Beth;no;smartpoint;Germany;NRW;Düsseldorf;appliances;vaccum cleaner;281;42,86;1,52
24.10.2018;2018;10;24;Greg;no;dealhouse;Germany;NRW;Aachen;appliances;micro wave oven;938;40,32;3,19
15.10.2018;2018;10;15;Darma;yes;thebarn;Germany;BadWurt;Freiburg;stationary;pen;998;79,82;9,88
12.10.2018;2018;10;12;Darma;no;care4you;Germany;Hessia;Frankfurt;stationary;pencil;881;65,53;9,64
18.12.2018;2018;12;18;Susan;yes;smartpoint;Germany;NRW;Cologne;household;wipes;626;87,32;0,08
16.11.2018;2018;11;16;Harry;no;metropolis;Germany;NRW;Cologne;stationary;ball-pen;322;93,11;8,53
18.11.2018;2018;11;18;Ina;yes;smartpoint;Germany;Bremen;Bremen;stationary;ball-pen;174;69,81;5,86
25.12.2018;2018;12;25;Susan;no;dealhouse;Germany;BadWurt;Freiburg;appliances;vaccum cleaner;21;1;1,02
14.12.2018;2018;12;14;Greg;yes;thebarn;Germany;NRW;Aachen;stationary;pen;14;24,46;5,71
18.10.2018;2018;10;18;Ina;yes;dealhouse;Germany;Berlin;Berlin;appliances;vaccum cleaner;686;61,91;0,97
04.11.2018;2018;11;4;Ina;no;metropolis;Germany;Bavaria;Nuremberg;appliances;micro wave oven;615;57,56;3,87
19.12.2018;2018;12;19;Wilbur;no;care4you;Germany;BadWurt;Freiburg;stationary;ball-pen;147;57,64;9,73
07.12.2018;2018;12;7;Greg;no;metropolis;Germany;NRW;Cologne;appliances;mixer;896;75,28;4,53
29.10.2018;2018;10;29;Wilbur;yes;metropolis;Germany;NRW;Dortmund;household;gloves;402;89,07;8,22
07.12.2018;2018;12;7;Susan;no;thebarn;Germany;NRW;Aachen;appliances;mixer;502;0,24;0,23
